identity,labels,catalog_source,description,direction,one_of_group,required,slot_id,slot_name,tool_id,artifact,wdl_type,dimension,dimension_value,variant,variant_alias_for,builder_param,wdl_target,cardinality
io_slot:bcftools::input::filtered_vcf,IOSlot|io_slot,wdl-slot-reconciliation-2026-08-23,Filtered somatic VCF (FilterMutectCalls 之后),input,,true,bcftools::input::filtered_vcf,filtered_vcf,bcftools,filtered_vcf,File,,,,,filtered_vcf,BcftoolsSomaticPostprocessWorkflow.filtered_vcf,
io_slot:bcftools::input::filtered_vcf_index,IOSlot|io_slot,wdl-slot-reconciliation-2026-08-23,Filtered VCF 索引,input,,true,bcftools::input::filtered_vcf_index,filtered_vcf_index,bcftools,vcf_index,File,,,,,filtered_vcf_index,BcftoolsSomaticPostprocessWorkflow.filtered_vcf_index,
io_slot:bcftools::output::filtered_vcf,IOSlot|io_slot,sister-tool-csv,Filtered (PASS) VCF,output,,false,bcftools::output::filtered_vcf,filtered_vcf,bcftools,,File,,,,,,,
io_slot:bootstrap_stability::output::tabular_bio_data,IOSlot|io_slot,senior-0811-tool-csv,TABULAR_BIO_DATA,output,,false,bootstrap_stability::output::tabular_bio_data,tabular_bio_data,bootstrap_stability,analysis_summary,File,,,,,,,
io_slot:bootstrap_stability::output::visualization_result,IOSlot|io_slot,senior-0811-tool-csv,VISUALIZATION_RESULT,output,,false,bootstrap_stability::output::visualization_result,visualization_result,bootstrap_stability,analysis_figure,File,,,,,,,
io_slot:breast_cellchat::input::scrna_object_rds,IOSlot|io_slot,senior-0811-tool-csv,SCRNA_OBJECT_RDS,input,,true,breast_cellchat::input::scrna_object_rds,scrna_object_rds,breast_cellchat,scrna_object,File,,,,,input_rds,breast_cellchat.input_rds,
io_slot:breast_cellchat::output::quality_control_report,IOSlot|io_slot,senior-0811-tool-csv,QC_STATS_REPORT,output,,false,breast_cellchat::output::quality_control_report,quality_control_report,breast_cellchat,quality_control_report,File,,,,,,,
io_slot:breast_cellchat::output::visualization_result,IOSlot|io_slot,senior-0811-tool-csv,VISUALIZATION_RESULT,output,,false,breast_cellchat::output::visualization_result,visualization_result,breast_cellchat,analysis_figure,File,,,,,,,
io_slot:bwa::input::clean_fastq_read,IOSlot|io_slot,sister-tool-csv,Clean FASTQ,input,,false,bwa::input::clean_fastq_read,clean_fastq_read,bwa,clean_fastq_read,File,mate,r1,,clean_fastq_read_r1,,,
io_slot:bwa::input::clean_fastq_read_r1,IOSlot|io_slot,slot-model-fix-2026-07-24,clean_fastq_read_r1,input,,false,bwa::input::clean_fastq_read_r1,clean_fastq_read_r1,bwa,clean_fastq_read,File,mate,r1,,,read1,BwaMemWorkflow.read1,
io_slot:bwa::input::clean_fastq_read_r2,IOSlot|io_slot,slot-model-fix-2026-07-24,clean_fastq_read_r2,input,,false,bwa::input::clean_fastq_read_r2,clean_fastq_read_r2,bwa,clean_fastq_read,File,mate,r2,,,read2,BwaMemWorkflow.read2,
io_slot:bwa::output::aligned_bam,IOSlot|io_slot,bam-artifact-contract-fix-2026-07-22,Aligned SAM/BAM,output,,false,bwa::output::aligned_bam,aligned_bam,bwa,,File,,,,,,,
io_slot:cellranger_workflow::input::raw_fastq_read,IOSlot|io_slot,wdl-slot-reconciliation-2026-08-23,RAW_SINGLE_END_FASTQ,input,,false,cellranger_workflow::input::raw_fastq_read,raw_fastq_read,cellranger_workflow,raw_fastq_read,File,mate,r1,,raw_fastq_read_r1,,,
io_slot:cellranger_workflow::input::raw_fastq_read_r1,IOSlot|io_slot,wdl-slot-reconciliation-2026-08-23,Raw FASTQ R1,input,,true,cellranger_workflow::input::raw_fastq_read_r1,raw_fastq_read_r1,cellranger_workflow,raw_fastq_read,File,mate,r1,,,fastq_file1,CellRangerFullPipeline.fastq_file1,
io_slot:cellranger_workflow::input::raw_fastq_read_r2,IOSlot|io_slot,wdl-slot-reconciliation-2026-08-23,Raw FASTQ R2,input,,true,cellranger_workflow::input::raw_fastq_read_r2,raw_fastq_read_r2,cellranger_workflow,raw_fastq_read,File,mate,r2,,,fastq_file2,CellRangerFullPipeline.fastq_file2,
io_slot:cellranger_workflow::output::aligned_bam,IOSlot|io_slot,senior-0811-tool-csv,DNA_GENOMIC_ALIGNMENT_BAM,output,,false,cellranger_workflow::output::aligned_bam,aligned_bam,cellranger_workflow,aligned_bam,File,,,,,,,
io_slot:cellranger_workflow::output::quality_control_report,IOSlot|io_slot,senior-0811-tool-csv,QC_STATS_REPORT,output,,false,cellranger_workflow::output::quality_control_report,quality_control_report,cellranger_workflow,quality_control_report,File,,,,,,,
io_slot:cellranger_workflow::output::tabular_bio_data,IOSlot|io_slot,senior-0811-tool-csv,TABULAR_BIO_DATA,output,,false,cellranger_workflow::output::tabular_bio_data,tabular_bio_data,cellranger_workflow,analysis_summary,File,,,,,,,
io_slot:celltype_case_control_de::input::scrna_object_rds,IOSlot|io_slot,senior-0811-tool-csv,SCRNA_OBJECT_RDS,input,,true,celltype_case_control_de::input::scrna_object_rds,scrna_object_rds,celltype_case_control_de,scrna_object,File,,,,,input_rds,celltype_case_control_de.input_rds,
io_slot:celltype_case_control_de::output::quality_control_report,IOSlot|io_slot,senior-0811-tool-csv,QC_STATS_REPORT,output,,false,celltype_case_control_de::output::quality_control_report,quality_control_report,celltype_case_control_de,quality_control_report,File,,,,,,,
io_slot:cnvkit_cnv_clinical::input::clinical_table,IOSlot|io_slot,wdl-slot-reconciliation-2026-08-23,CLINICAL_DATA_EXCEL,input,,false,cnvkit_cnv_clinical::input::clinical_table,clinical_table,cnvkit_cnv_clinical,clinical_table,File,,,,,clinical_metadata,CnvkitCnvClinical.clinical_metadata,
io_slot:cnvkit_cnv_clinical::input::normal_bais,IOSlot|io_slot,wdl-slot-reconciliation-2026-08-23,正常 BAI 数组,input,,true,cnvkit_cnv_clinical::input::normal_bais,normal_bais,cnvkit_cnv_clinical,bai,Array[File]+,sample_role,normal,,,normal_bais,CnvkitCnvClinical.normal_bais,array
io_slot:cnvkit_cnv_clinical::input::normal_bams,IOSlot|io_slot,wdl-slot-reconciliation-2026-08-23,正常 BAM 数组,input,,true,cnvkit_cnv_clinical::input::normal_bams,normal_bams,cnvkit_cnv_clinical,aligned_bam,Array[File]+,sample_role,normal,,,normal_bams,CnvkitCnvClinical.normal_bams,array
io_slot:cnvkit_cnv_clinical::input::tumor_bais,IOSlot|io_slot,wdl-slot-reconciliation-2026-08-23,肿瘤 BAI 数组,input,,true,cnvkit_cnv_clinical::input::tumor_bais,tumor_bais,cnvkit_cnv_clinical,bai,Array[File]+,sample_role,tumor,,,tumor_bais,CnvkitCnvClinical.tumor_bais,array
io_slot:cnvkit_cnv_clinical::input::tumor_bams,IOSlot|io_slot,wdl-slot-reconciliation-2026-08-23,肿瘤 BAM 数组,input,,true,cnvkit_cnv_clinical::input::tumor_bams,tumor_bams,cnvkit_cnv_clinical,aligned_bam,Array[File]+,sample_role,tumor,,,tumor_bams,CnvkitCnvClinical.tumor_bams,array
io_slot:cnvkit_cnv_clinical::output::tabular_bio_data,IOSlot|io_slot,senior-0811-tool-csv,TABULAR_BIO_DATA,output,,false,cnvkit_cnv_clinical::output::tabular_bio_data,tabular_bio_data,cnvkit_cnv_clinical,analysis_summary,File,,,,,,,
io_slot:cnvkit_cnv_clinical::output::visualization_result,IOSlot|io_slot,senior-0811-tool-csv,VISUALIZATION_RESULT,output,,false,cnvkit_cnv_clinical::output::visualization_result,visualization_result,cnvkit_cnv_clinical,analysis_figure,File,,,,,,,
io_slot:cox_model::input::clinical_table,IOSlot|io_slot,senior-0811-tool-csv,CLINICAL_DATA_EXCEL,input,,true,cox_model::input::clinical_table,clinical_table,cox_model,clinical_table,File,,,,,clinical_xls,cox_model.clinical_xls,
io_slot:cox_model::input::sample_metainfo,IOSlot|io_slot,senior-0811-tool-csv,METADATA_SAMPLEINFO,input,,true,cox_model::input::sample_metainfo,sample_metainfo,cox_model,sample_metainfo,File,,,,,meta_xlsx,cox_model.meta_xlsx,
io_slot:cox_model::input::tabular_bio_data,IOSlot|io_slot,senior-0811-tool-csv,TABULAR_BIO_DATA,input,,true,cox_model::input::tabular_bio_data,tabular_bio_data,cox_model,analysis_summary,File,,,,,expr,cox_model.expr,
io_slot:cox_model::output::quality_control_report,IOSlot|io_slot,senior-0811-tool-csv,QC_STATS_REPORT,output,,false,cox_model::output::quality_control_report,quality_control_report,cox_model,quality_control_report,File,,,,,,,
io_slot:cox_model::output::tabular_bio_data,IOSlot|io_slot,senior-0811-tool-csv,TABULAR_BIO_DATA,output,,false,cox_model::output::tabular_bio_data,tabular_bio_data,cox_model,analysis_summary,File,,,,,,,
io_slot:dataset_downstream::input::genome_annotation,IOSlot|io_slot,senior-0811-tool-csv,REFERENCE_GENOME_FASTA,input,,true,dataset_downstream::input::genome_annotation,genome_annotation,dataset_downstream,genome_annotation,File,,,,,gene_order,dataset_downstream.gene_order,
io_slot:dataset_downstream::input::scrna_object_rds,IOSlot|io_slot,senior-0811-tool-csv,SCRNA_OBJECT_RDS,input,,true,dataset_downstream::input::scrna_object_rds,scrna_object_rds,dataset_downstream,scrna_object,File,,,,,input_rds,dataset_downstream.input_rds,
io_slot:dataset_downstream::output::quality_control_report,IOSlot|io_slot,senior-0811-tool-csv,QC_STATS_REPORT,output,,false,dataset_downstream::output::quality_control_report,quality_control_report,dataset_downstream,quality_control_report,File,,,,,,,
io_slot:dataset_matrix_annotation::input::scrna_object_rds,IOSlot|io_slot,senior-0811-tool-csv,SCRNA_OBJECT_RDS,input,,true,dataset_matrix_annotation::input::scrna_object_rds,scrna_object_rds,dataset_matrix_annotation,scrna_object,File,,,,,input_rds,dataset_matrix_annotation.input_rds,
io_slot:dataset_matrix_annotation::output::quality_control_report,IOSlot|io_slot,senior-0811-tool-csv,QC_STATS_REPORT,output,,false,dataset_matrix_annotation::output::quality_control_report,quality_control_report,dataset_matrix_annotation,quality_control_report,File,,,,,,,
io_slot:de_enrichment::input::clinical_table,IOSlot|io_slot,senior-0811-tool-csv,CLINICAL_DATA_EXCEL,input,,true,de_enrichment::input::clinical_table,clinical_table,de_enrichment,clinical_table,File,,,,,clinical_xls,de_enrichment.clinical_xls,
io_slot:de_enrichment::input::sample_metainfo,IOSlot|io_slot,senior-0811-tool-csv,METADATA_SAMPLEINFO,input,,true,de_enrichment::input::sample_metainfo,sample_metainfo,de_enrichment,sample_metainfo,File,,,,,meta_xlsx,de_enrichment.meta_xlsx,
io_slot:de_enrichment::input::tabular_bio_data,IOSlot|io_slot,senior-0811-tool-csv,TABULAR_BIO_DATA,input,,true,de_enrichment::input::tabular_bio_data,tabular_bio_data,de_enrichment,analysis_summary,File,,,,,expr,de_enrichment.expr,
io_slot:de_enrichment::output::quality_control_report,IOSlot|io_slot,senior-0811-tool-csv,QC_STATS_REPORT,output,,false,de_enrichment::output::quality_control_report,quality_control_report,de_enrichment,quality_control_report,File,,,,,,,
io_slot:de_enrichment::output::tabular_bio_data,IOSlot|io_slot,senior-0811-tool-csv,TABULAR_BIO_DATA,output,,false,de_enrichment::output::tabular_bio_data,tabular_bio_data,de_enrichment,analysis_summary,File,,,,,,,
io_slot:deg_enrichment::input::clinical_table,IOSlot|io_slot,senior-0811-tool-csv,CLINICAL_DATA_EXCEL,input,,true,deg_enrichment::input::clinical_table,clinical_table,deg_enrichment,clinical_table,File,,,,,clinical_xls,deg_enrichment.clinical_xls,
io_slot:deg_enrichment::input::sample_metainfo,IOSlot|io_slot,senior-0811-tool-csv,METADATA_SAMPLEINFO,input,,true,deg_enrichment::input::sample_metainfo,sample_metainfo,deg_enrichment,sample_metainfo,File,,,,,meta_xlsx,deg_enrichment.meta_xlsx,
io_slot:deg_enrichment::input::tabular_bio_data,IOSlot|io_slot,senior-0811-tool-csv,TABULAR_BIO_DATA,input,,true,deg_enrichment::input::tabular_bio_data,tabular_bio_data,deg_enrichment,analysis_summary,File,,,,,expr,deg_enrichment.expr,
io_slot:deg_enrichment::output::quality_control_report,IOSlot|io_slot,senior-0811-tool-csv,QC_STATS_REPORT,output,,false,deg_enrichment::output::quality_control_report,quality_control_report,deg_enrichment,quality_control_report,File,,,,,,,
io_slot:deg_enrichment::output::tabular_bio_data,IOSlot|io_slot,senior-0811-tool-csv,TABULAR_BIO_DATA,output,,false,deg_enrichment::output::tabular_bio_data,tabular_bio_data,deg_enrichment,analysis_summary,File,,,,,,,
io_slot:deg_trend::input::clinical_table,IOSlot|io_slot,senior-0811-tool-csv,CLINICAL_DATA_EXCEL,input,,true,deg_trend::input::clinical_table,clinical_table,deg_trend,clinical_table,File,,,,,clinical_xls,deg_trend.clinical_xls,
io_slot:deg_trend::input::sample_metainfo,IOSlot|io_slot,senior-0811-tool-csv,METADATA_SAMPLEINFO,input,,true,deg_trend::input::sample_metainfo,sample_metainfo,deg_trend,sample_metainfo,File,,,,,meta_xlsx,deg_trend.meta_xlsx,
io_slot:deg_trend::input::tabular_bio_data,IOSlot|io_slot,senior-0811-tool-csv,TABULAR_BIO_DATA,input,,true,deg_trend::input::tabular_bio_data,tabular_bio_data,deg_trend,analysis_summary,File,,,,,expr,deg_trend.expr,
io_slot:deg_trend::output::quality_control_report,IOSlot|io_slot,senior-0811-tool-csv,QC_STATS_REPORT,output,,false,deg_trend::output::quality_control_report,quality_control_report,deg_trend,quality_control_report,File,,,,,,,
io_slot:deg_trend::output::tabular_bio_data,IOSlot|io_slot,senior-0811-tool-csv,TABULAR_BIO_DATA,output,,false,deg_trend::output::tabular_bio_data,tabular_bio_data,deg_trend,analysis_summary,File,,,,,,,
io_slot:deg_trend::output::visualization_result,IOSlot|io_slot,senior-0811-tool-csv,VISUALIZATION_RESULT,output,,false,deg_trend::output::visualization_result,visualization_result,deg_trend,analysis_figure,File,,,,,,,
io_slot:diff_expr_go::in::expression,io_slot,,FPKM or TPM gene-by-sample matrix; group sample arrays and quant_type parameters are also required,input,,true,diff_expr_go::in::expression,expression_matrix,diff_expr_go,,File,,,,,expression_matrix,DiffExprGoWorkflow.expression_matrix,
io_slot:diff_expr_go::out::differential,io_slot,,Differential expression and regulated gene tables,output,,false,diff_expr_go::out::differential,differential_expression,diff_expr_go,,File,,,,,,,
io_slot:diff_expr_go::out::enrichment,io_slot,,GO MF CC and BP enrichment tables,output,,false,diff_expr_go::out::enrichment,go_enrichment,diff_expr_go,,File,,,,,,,
io_slot:diff_expr_kegg::in::expression,io_slot,,FPKM or TPM gene-by-sample matrix; workflow actually performs Reactome enrichment,input,,true,diff_expr_kegg::in::expression,expression_matrix,diff_expr_kegg,,File,,,,,expression_matrix,DiffExprKeggWorkflow.expression_matrix,
io_slot:diff_expr_kegg::out::differential,io_slot,,Differential expression and regulated gene tables,output,,false,diff_expr_kegg::out::differential,differential_expression,diff_expr_kegg,,File,,,,,,,
io_slot:diff_expr_kegg::out::enrichment,io_slot,,Reactome pathway enrichment tables,output,,false,diff_expr_kegg::out::enrichment,reactome_enrichment,diff_expr_kegg,,File,,,,,,,
io_slot:driver_gene_gender_analysis::in::clinical,io_slot,,Clinical table containing individual accession and gender,input,,true,driver_gene_gender_analysis::in::clinical,clinical_table,driver_gene_gender_analysis,,File,,,,,clinical_xls,driver_gene_gender_analysis.clinical_xls,
io_slot:driver_gene_gender_analysis::in::metainfo,io_slot,,MetaInfo workbook containing Individuals and samples plus Files sheets,input,,true,driver_gene_gender_analysis::in::metainfo,sample_metainfo,driver_gene_gender_analysis,,File,,,,,metainfo_xlsx,driver_gene_gender_analysis.metainfo_xlsx,
io_slot:driver_gene_gender_analysis::in::maf,io_slot,,MAF with Hugo_Symbol Tumor_Sample_Barcode and Variant_Classification,input,,true,driver_gene_gender_analysis::in::maf,somatic_maf,driver_gene_gender_analysis,,File,,,,,maf,driver_gene_gender_analysis.maf,
io_slot:driver_gene_gender_analysis::out::matrix,io_slot,,Sample-by-gene binary mutation matrix,output,,false,driver_gene_gender_analysis::out::matrix,binary_mutation_matrix,driver_gene_gender_analysis,,File,,,,,,,
io_slot:driver_gene_gender_analysis::out::figures,io_slot,,Bar oncoplot heatmap and volcano figures,output,,false,driver_gene_gender_analysis::out::figures,figures,driver_gene_gender_analysis,,File,,,,,,,
io_slot:driver_gene_gender_analysis::out::statistics,io_slot,,Gender-stratified mutation frequency statistics,output,,false,driver_gene_gender_analysis::out::statistics,gender_mutation_statistics,driver_gene_gender_analysis,,File,,,,,,,
io_slot:fastp::input::raw_fastq_read,IOSlot|io_slot,sister-tool-csv,Raw FASTQ,input,,false,fastp::input::raw_fastq_read,raw_fastq_read,fastp,raw_fastq_read,File,mate,r1,,raw_fastq_read_r1,,,
io_slot:fastp::input::raw_fastq_read_r1,IOSlot|io_slot,slot-model-fix-2026-07-24,raw_fastq_read_r1,input,,false,fastp::input::raw_fastq_read_r1,raw_fastq_read_r1,fastp,raw_fastq_read,File,mate,r1,single_end|paired_end,,read1,FastpPairedEndWorkflow.read1,
io_slot:fastp::input::raw_fastq_read_r2,IOSlot|io_slot,slot-model-fix-2026-07-24,raw_fastq_read_r2,input,,false,fastp::input::raw_fastq_read_r2,raw_fastq_read_r2,fastp,raw_fastq_read,File,mate,r2,paired_end,,read2,FastpPairedEndWorkflow.read2,
io_slot:fastp::output::clean_fastq_read,IOSlot|io_slot,sister-tool-csv,Clean FASTQ,output,,false,fastp::output::clean_fastq_read,clean_fastq_read,fastp,clean_fastq_read,File,mate,r1,,clean_fastq_read_r1,,,
io_slot:fastp::output::clean_fastq_read_r1,IOSlot|io_slot,slot-model-fix-2026-07-24,clean_fastq_read_r1,output,,false,fastp::output::clean_fastq_read_r1,clean_fastq_read_r1,fastp,clean_fastq_read,File,mate,r1,,,,,
io_slot:fastp::output::clean_fastq_read_r2,IOSlot|io_slot,slot-model-fix-2026-07-24,clean_fastq_read_r2,output,,false,fastp::output::clean_fastq_read_r2,clean_fastq_read_r2,fastp,clean_fastq_read,File,mate,r2,,,,,
io_slot:fastqc::input::clean_fastq_read,IOSlot|io_slot,wdl-slot-reconciliation-2026-08-23,Clean FASTQ,input,fastq_reads,false,fastqc::input::clean_fastq_read,clean_fastq_read,fastqc,,Array[File]+,,,,,fastqs,FastQcWorkflow.fastqs,array
io_slot:fastqc::input::raw_fastq_read,IOSlot|io_slot,wdl-slot-reconciliation-2026-08-23,Raw FASTQ,input,fastq_reads,false,fastqc::input::raw_fastq_read,raw_fastq_read,fastqc,,Array[File]+,,,,,fastqs,FastQcWorkflow.fastqs,array
io_slot:fastqc::output::quality_control_report,IOSlot|io_slot,qc-report-contract-fix-2026-07-22,Quality Control Report,output,,false,fastqc::output::quality_control_report,quality_control_report,fastqc,,File,,,,,,,
io_slot:featurecounts::input::genome_annotation,IOSlot|io_slot,sister-tool-csv,Genome Annotation,input,,true,featurecounts::input::genome_annotation,genome_annotation,featurecounts,,File,,,,,gtf_file,FeatureCountsWorkflow.gtf_file,
io_slot:featurecounts::input::sorted_dedup_bam,IOSlot|io_slot,sister-tool-csv,Sorted/Dedup BAM,input,,true,featurecounts::input::sorted_dedup_bam,sorted_dedup_bam,featurecounts,,File,,,,,bam,FeatureCountsWorkflow.bam,
io_slot:featurecounts::output::expression_count_matrix,IOSlot|io_slot,sister-tool-csv,Raw Counts,output,,false,featurecounts::output::expression_count_matrix,expression_count_matrix,featurecounts,,File,,,,,,,
io_slot:gatk::input::interval_list,IOSlot|io_slot,slot-model-fix-2026-07-24,interval_list,input,,true,gatk::input::interval_list,interval_list,gatk,interval_list,File,,,,,interval_list,GatkWesSomaticWorkflow.interval_list,
io_slot:gatk::input::normal_bai,IOSlot|io_slot,slot-model-fix-2026-07-24,normal_bai,input,,false,gatk::input::normal_bai,normal_bai,gatk,bai,File,sample_role,normal,paired,,normal_bai,GatkWesSomaticWorkflow.normal_bai,
io_slot:gatk::input::normal_bam,IOSlot|io_slot,slot-model-fix-2026-07-24,normal_bam,input,,false,gatk::input::normal_bam,normal_bam,gatk,sorted_dedup_bam,File,sample_role,normal,paired,,normal_bam,GatkWesSomaticWorkflow.normal_bam,
io_slot:gatk::input::tumor_bai,IOSlot|io_slot,slot-model-fix-2026-07-24,tumor_bai,input,,false,gatk::input::tumor_bai,tumor_bai,gatk,bai,File,sample_role,tumor,paired,,tumor_bai,GatkWesSomaticWorkflow.tumor_bai,
io_slot:gatk::input::tumor_bam,IOSlot|io_slot,slot-model-fix-2026-07-24,tumor_bam,input,,false,gatk::input::tumor_bam,tumor_bam,gatk,sorted_dedup_bam,File,sample_role,tumor,paired,,tumor_bam,GatkWesSomaticWorkflow.tumor_bam,
io_slot:gatk::output::filtered_vcf,IOSlot|io_slot,wdl-slot-reconciliation-2026-08-23,过滤后体细胞 VCF,output,,false,gatk::output::filtered_vcf,filtered_vcf,gatk,filtered_vcf,File,,,,,,,
io_slot:gatk::output::filtered_vcf_index,IOSlot|io_slot,wdl-slot-reconciliation-2026-08-23,过滤后 VCF 索引,output,,false,gatk::output::filtered_vcf_index,filtered_vcf_index,gatk,vcf_index,File,,,,,,,
io_slot:gatk::output::sorted_dedup_bam,IOSlot|io_slot,sister-tool-csv,Sorted/Dedup BAM,output,,false,gatk::output::sorted_dedup_bam,sorted_dedup_bam,gatk,,File,,,,,,,
io_slot:gatk::output::unfiltered_vcf,IOSlot|io_slot,sister-tool-csv,Unfiltered VCF,output,,false,gatk::output::unfiltered_vcf,unfiltered_vcf,gatk,,File,,,,,,,
io_slot:gene_boxplot::input::clinical_table,IOSlot|io_slot,senior-0811-tool-csv,CLINICAL_DATA_EXCEL,input,,true,gene_boxplot::input::clinical_table,clinical_table,gene_boxplot,clinical_table,File,,,,,clinical_xls,gene_boxplot.clinical_xls,
io_slot:gene_boxplot::input::sample_metainfo,IOSlot|io_slot,senior-0811-tool-csv,METADATA_SAMPLEINFO,input,,true,gene_boxplot::input::sample_metainfo,sample_metainfo,gene_boxplot,sample_metainfo,File,,,,,meta_xlsx,gene_boxplot.meta_xlsx,
io_slot:gene_boxplot::input::tabular_bio_data,IOSlot|io_slot,senior-0811-tool-csv,TABULAR_BIO_DATA,input,,true,gene_boxplot::input::tabular_bio_data,tabular_bio_data,gene_boxplot,analysis_summary,File,,,,,expr,gene_boxplot.expr,
io_slot:gene_boxplot::output::quality_control_report,IOSlot|io_slot,senior-0811-tool-csv,QC_STATS_REPORT,output,,false,gene_boxplot::output::quality_control_report,quality_control_report,gene_boxplot,quality_control_report,File,,,,,,,
io_slot:gene_boxplot::output::tabular_bio_data,IOSlot|io_slot,senior-0811-tool-csv,TABULAR_BIO_DATA,output,,false,gene_boxplot::output::tabular_bio_data,tabular_bio_data,gene_boxplot,analysis_summary,File,,,,,,,
io_slot:gsea_pathway_enrichment::input::tabular_bio_data,IOSlot|io_slot,senior-0811-tool-csv,TABULAR_BIO_DATA,input,,true,gsea_pathway_enrichment::input::tabular_bio_data,tabular_bio_data,gsea_pathway_enrichment,analysis_summary,File,,,,,expression_matrix,GseaPathwayEnrichment.expression_matrix,
io_slot:gsea_pathway_enrichment::output::quality_control_report,IOSlot|io_slot,senior-0811-tool-csv,QC_STATS_REPORT,output,,false,gsea_pathway_enrichment::output::quality_control_report,quality_control_report,gsea_pathway_enrichment,quality_control_report,File,,,,,,,
io_slot:gsea_pathway_enrichment::output::tabular_bio_data,IOSlot|io_slot,senior-0811-tool-csv,TABULAR_BIO_DATA,output,,false,gsea_pathway_enrichment::output::tabular_bio_data,tabular_bio_data,gsea_pathway_enrichment,analysis_summary,File,,,,,,,
io_slot:gsea_pathway_enrichment::output::visualization_result,IOSlot|io_slot,senior-0811-tool-csv,VISUALIZATION_RESULT,output,,false,gsea_pathway_enrichment::output::visualization_result,visualization_result,gsea_pathway_enrichment,analysis_figure,File,,,,,,,
io_slot:her2_pfs_survival::in::clinical,io_slot,,Clinical table containing PFS fields,input,,true,her2_pfs_survival::in::clinical,clinical_survival,her2_pfs_survival,,File,,,,,clinical_xls,her2_pfs_survival.clinical_xls,
io_slot:her2_pfs_survival::in::metainfo,io_slot,,Sample and Run accession mapping,input,,true,her2_pfs_survival::in::metainfo,sample_metainfo,her2_pfs_survival,,File,,,,,metainfo_xlsx,her2_pfs_survival.metainfo_xlsx,
io_slot:her2_pfs_survival::in::expression,io_slot,,TPM matrix with Run accessions as sample columns,input,,true,her2_pfs_survival::in::expression,tpm_matrix,her2_pfs_survival,,File,,,,,tpm_matrix,her2_pfs_survival.tpm_matrix,
io_slot:her2_pfs_survival::out::figures,io_slot,,Kaplan-Meier figures,output,,false,her2_pfs_survival::out::figures,km_figures,her2_pfs_survival,,File,,,,,,,
io_slot:her2_pfs_survival::out::statistics,io_slot,,Log-rank and analysis tables,output,,false,her2_pfs_survival::out::statistics,pfs_statistics,her2_pfs_survival,,File,,,,,,,
io_slot:her2_pfs_survival::out::summary,io_slot,,Analysis and QC summary,output,,false,her2_pfs_survival::out::summary,summary,her2_pfs_survival,,File,,,,,,,
io_slot:hvg_pca_gmm::output::quality_control_report,IOSlot|io_slot,senior-0811-tool-csv,QC_STATS_REPORT,output,,false,hvg_pca_gmm::output::quality_control_report,quality_control_report,hvg_pca_gmm,quality_control_report,File,,,,,,,
io_slot:hvg_pca_gmm::output::tabular_bio_data,IOSlot|io_slot,senior-0811-tool-csv,TABULAR_BIO_DATA,output,,false,hvg_pca_gmm::output::tabular_bio_data,tabular_bio_data,hvg_pca_gmm,analysis_summary,File,,,,,,,
io_slot:hvg_pca_gmm::output::visualization_result,IOSlot|io_slot,senior-0811-tool-csv,VISUALIZATION_RESULT,output,,false,hvg_pca_gmm::output::visualization_result,visualization_result,hvg_pca_gmm,analysis_figure,File,,,,,,,
io_slot:immune_infiltration_iobr::in::clinical,io_slot,,Clinical annotation table,input,,true,immune_infiltration_iobr::in::clinical,clinical_table,immune_infiltration_iobr,,File,,,,,clinical_xls,ImmuneInfiltrationIOBRCIBERSORT.clinical_xls,
io_slot:immune_infiltration_iobr::in::metainfo,io_slot,,Sample and Run accession mapping,input,,true,immune_infiltration_iobr::in::metainfo,sample_metainfo,immune_infiltration_iobr,,File,,,,,metainfo_xlsx,ImmuneInfiltrationIOBRCIBERSORT.metainfo_xlsx,
io_slot:immune_infiltration_iobr::in::expression,io_slot,,TPM matrix used by IOBR CIBERSORT,input,,true,immune_infiltration_iobr::in::expression,tpm_matrix,immune_infiltration_iobr,,File,,,,,expression_tsv,ImmuneInfiltrationIOBRCIBERSORT.expression_tsv,
io_slot:immune_infiltration_iobr::out::figures,io_slot,,Stacked bar box heatmap and correlation figures,output,,false,immune_infiltration_iobr::out::figures,figures,immune_infiltration_iobr,,File,,,,,,,
io_slot:immune_infiltration_iobr::out::fractions,io_slot,,CIBERSORT immune fractions,output,,false,immune_infiltration_iobr::out::fractions,immune_fractions,immune_infiltration_iobr,,File,,,,,,,
io_slot:immune_infiltration_iobr::out::qc,io_slot,,Status reliability and warning reports,output,,false,immune_infiltration_iobr::out::qc,quality_control,immune_infiltration_iobr,,File,,,,,,,
io_slot:immunotherapy_cellchat::input::scrna_object_rds,IOSlot|io_slot,senior-0811-tool-csv,SCRNA_OBJECT_RDS,input,,true,immunotherapy_cellchat::input::scrna_object_rds,scrna_object_rds,immunotherapy_cellchat,scrna_object,File,,,,,input_rds,immunotherapy_cellchat.input_rds,
io_slot:immunotherapy_cellchat::output::quality_control_report,IOSlot|io_slot,senior-0811-tool-csv,QC_STATS_REPORT,output,,false,immunotherapy_cellchat::output::quality_control_report,quality_control_report,immunotherapy_cellchat,quality_control_report,File,,,,,,,
io_slot:immunotherapy_cellchat::output::visualization_result,IOSlot|io_slot,senior-0811-tool-csv,VISUALIZATION_RESULT,output,,false,immunotherapy_cellchat::output::visualization_result,visualization_result,immunotherapy_cellchat,analysis_figure,File,,,,,,,
io_slot:ipf_trajectory_regulon::input::scrna_object_rds,IOSlot|io_slot,senior-0811-tool-csv,SCRNA_OBJECT_RDS,input,,true,ipf_trajectory_regulon::input::scrna_object_rds,scrna_object_rds,ipf_trajectory_regulon,scrna_object,File,,,,,input_rds,ipf_trajectory_regulon.input_rds,
io_slot:ipf_trajectory_regulon::output::quality_control_report,IOSlot|io_slot,senior-0811-tool-csv,QC_STATS_REPORT,output,,false,ipf_trajectory_regulon::output::quality_control_report,quality_control_report,ipf_trajectory_regulon,quality_control_report,File,,,,,,,
io_slot:km_survival::input::clinical_table,IOSlot|io_slot,senior-0811-tool-csv,CLINICAL_DATA_EXCEL,input,,true,km_survival::input::clinical_table,clinical_table,km_survival,clinical_table,File,,,,,clinical_xls,km_survival.clinical_xls,
io_slot:km_survival::input::sample_metainfo,IOSlot|io_slot,senior-0811-tool-csv,METADATA_SAMPLEINFO,input,,true,km_survival::input::sample_metainfo,sample_metainfo,km_survival,sample_metainfo,File,,,,,meta_xlsx,km_survival.meta_xlsx,
io_slot:km_survival::input::tabular_bio_data,IOSlot|io_slot,senior-0811-tool-csv,TABULAR_BIO_DATA,input,,true,km_survival::input::tabular_bio_data,tabular_bio_data,km_survival,analysis_summary,File,,,,,expr,km_survival.expr,
io_slot:km_survival::output::quality_control_report,IOSlot|io_slot,senior-0811-tool-csv,QC_STATS_REPORT,output,,false,km_survival::output::quality_control_report,quality_control_report,km_survival,quality_control_report,File,,,,,,,
io_slot:km_survival::output::tabular_bio_data,IOSlot|io_slot,senior-0811-tool-csv,TABULAR_BIO_DATA,output,,false,km_survival::output::tabular_bio_data,tabular_bio_data,km_survival,analysis_summary,File,,,,,,,
io_slot:lung_tme_annotation_cnv::input::genome_annotation,IOSlot|io_slot,senior-0811-tool-csv,REFERENCE_GENOME_FASTA,input,,true,lung_tme_annotation_cnv::input::genome_annotation,genome_annotation,lung_tme_annotation_cnv,genome_annotation,File,,,,,gene_order,lung_tme_annotation_cnv.gene_order,
io_slot:lung_tme_annotation_cnv::input::scrna_object_rds,IOSlot|io_slot,senior-0811-tool-csv,SCRNA_OBJECT_RDS,input,,true,lung_tme_annotation_cnv::input::scrna_object_rds,scrna_object_rds,lung_tme_annotation_cnv,scrna_object,File,,,,,input_rds,lung_tme_annotation_cnv.input_rds,
io_slot:lung_tme_annotation_cnv::output::quality_control_report,IOSlot|io_slot,senior-0811-tool-csv,QC_STATS_REPORT,output,,false,lung_tme_annotation_cnv::output::quality_control_report,quality_control_report,lung_tme_annotation_cnv,quality_control_report,File,,,,,,,
io_slot:multiqc::input::quality_control_report,IOSlot|io_slot,wdl-slot-reconciliation-2026-08-23,Quality Control Report,input,,true,multiqc::input::quality_control_report,quality_control_report,multiqc,,Array[File]+,,,,,qc_files,MultiQcWorkflow.qc_files,array
io_slot:multiqc::output::quality_control_report,IOSlot|io_slot,qc-report-contract-fix-2026-07-22,Quality Control Report,output,,false,multiqc::output::quality_control_report,quality_control_report,multiqc,,File,,,,,,,
io_slot:paired_fastq_to_unmapped_bam::in::fastq_1,io_slot,wdl-slot-reconciliation-2026-08-23,Paired-end Read 1 FASTQ,input,,true,paired_fastq_to_unmapped_bam::in::fastq_1,fastq_1,paired_fastq_to_unmapped_bam,raw_fastq_read,String,mate,r1,,,fastq_1,ConvertPairedFastQsToUnmappedBamWf.fastq_1,
io_slot:paired_fastq_to_unmapped_bam::in::fastq_2,io_slot,wdl-slot-reconciliation-2026-08-23,Paired-end Read 2 FASTQ from the same sample,input,,true,paired_fastq_to_unmapped_bam::in::fastq_2,fastq_2,paired_fastq_to_unmapped_bam,raw_fastq_read,String,mate,r2,,,fastq_2,ConvertPairedFastQsToUnmappedBamWf.fastq_2,
io_slot:paired_fastq_to_unmapped_bam::out::list,io_slot,,Optional uBAM file list,output,,false,paired_fastq_to_unmapped_bam::out::list,file_list,paired_fastq_to_unmapped_bam,,File,,,,,,,
io_slot:paired_fastq_to_unmapped_bam::out::bam,io_slot,,Unmapped BAM with read-group metadata,output,,false,paired_fastq_to_unmapped_bam::out::bam,unmapped_bam,paired_fastq_to_unmapped_bam,,File,,,,,,,
io_slot:preprocess_counts::input::tabular_bio_data,IOSlot|io_slot,senior-0811-tool-csv,TABULAR_BIO_DATA,input,,true,preprocess_counts::input::tabular_bio_data,tabular_bio_data,preprocess_counts,analysis_summary,File,,,,,count_tsv,PreprocessCountsWorkflow.count_tsv,
io_slot:preprocess_counts::output::quality_control_report,IOSlot|io_slot,senior-0811-tool-csv,QC_STATS_REPORT,output,,false,preprocess_counts::output::quality_control_report,quality_control_report,preprocess_counts,quality_control_report,File,,,,,,,
io_slot:preprocess_counts::output::tabular_bio_data,IOSlot|io_slot,senior-0811-tool-csv,TABULAR_BIO_DATA,output,,false,preprocess_counts::output::tabular_bio_data,tabular_bio_data,preprocess_counts,analysis_summary,File,,,,,,,
io_slot:rmats_alternative_splicing::input::group1_bais,IOSlot|io_slot,wdl-slot-reconciliation-2026-08-23,对照组 BAI 数组,input,,false,rmats_alternative_splicing::input::group1_bais,group1_bais,rmats_alternative_splicing,bai,Array[File],comparison_group,group1,,,group1_bais,RmatsAlternativeSplicing.group1_bais,array
io_slot:rmats_alternative_splicing::input::group1_bams,IOSlot|io_slot,wdl-slot-reconciliation-2026-08-23,对照组 BAM 数组,input,,true,rmats_alternative_splicing::input::group1_bams,group1_bams,rmats_alternative_splicing,transcriptome_bam,Array[File]+,comparison_group,group1,,,group1_bams,RmatsAlternativeSplicing.group1_bams,array
io_slot:rmats_alternative_splicing::input::group2_bais,IOSlot|io_slot,wdl-slot-reconciliation-2026-08-23,实验组 BAI 数组,input,,false,rmats_alternative_splicing::input::group2_bais,group2_bais,rmats_alternative_splicing,bai,Array[File],comparison_group,group2,,,group2_bais,RmatsAlternativeSplicing.group2_bais,array
io_slot:rmats_alternative_splicing::input::group2_bams,IOSlot|io_slot,wdl-slot-reconciliation-2026-08-23,实验组 BAM 数组,input,,true,rmats_alternative_splicing::input::group2_bams,group2_bams,rmats_alternative_splicing,transcriptome_bam,Array[File]+,comparison_group,group2,,,group2_bams,RmatsAlternativeSplicing.group2_bams,array
io_slot:rmats_alternative_splicing::output::aligned_bam,IOSlot|io_slot,senior-0811-tool-csv,DNA_GENOMIC_ALIGNMENT_BAM,output,,false,rmats_alternative_splicing::output::aligned_bam,aligned_bam,rmats_alternative_splicing,aligned_bam,File,,,,,,,
io_slot:rmats_alternative_splicing::output::quality_control_report,IOSlot|io_slot,senior-0811-tool-csv,QC_STATS_REPORT,output,,false,rmats_alternative_splicing::output::quality_control_report,quality_control_report,rmats_alternative_splicing,quality_control_report,File,,,,,,,
io_slot:rmats_alternative_splicing::output::tabular_bio_data,IOSlot|io_slot,senior-0811-tool-csv,TABULAR_BIO_DATA,output,,false,rmats_alternative_splicing::output::tabular_bio_data,tabular_bio_data,rmats_alternative_splicing,analysis_summary,File,,,,,,,
io_slot:rmats_alternative_splicing::output::visualization_result,IOSlot|io_slot,senior-0811-tool-csv,VISUALIZATION_RESULT,output,,false,rmats_alternative_splicing::output::visualization_result,visualization_result,rmats_alternative_splicing,analysis_figure,File,,,,,,,
io_slot:rnaseq_singletask::input::fastq_1,IOSlot|io_slot,sister-task-pipeline,fastq_1,input,,true,rnaseq_singletask::input::fastq_1,fastq_1,rnaseq_singletask,,File,,,,,sample_r1,RNASeqPipeline.sample_r1,
io_slot:rnaseq_singletask::input::fastq_2,IOSlot|io_slot,sister-task-pipeline,fastq_2,input,,true,rnaseq_singletask::input::fastq_2,fastq_2,rnaseq_singletask,,File,,,,,sample_r2,RNASeqPipeline.sample_r2,
io_slot:rnaseq_singletask::input::gtf_file,IOSlot|io_slot,sister-task-pipeline,gtf_file,input,,true,rnaseq_singletask::input::gtf_file,gtf_file,rnaseq_singletask,,File,,,,,gtf_file,RNASeqPipeline.gtf_file,
io_slot:rnaseq_singletask::input::rrna_star_index,IOSlot|io_slot,sister-task-pipeline,rrna_star_index,input,,true,rnaseq_singletask::input::rrna_star_index,rrna_star_index,rnaseq_singletask,,File,,,,,rrna_star_index,RNASeqPipeline.rrna_star_index,
io_slot:rnaseq_singletask::input::rsem_index,IOSlot|io_slot,sister-task-pipeline,rsem_index,input,,true,rnaseq_singletask::input::rsem_index,rsem_index,rnaseq_singletask,,File,,,,,rsem_index,RNASeqPipeline.rsem_index,
io_slot:rnaseq_singletask::input::star_genome_index,IOSlot|io_slot,sister-task-pipeline,star_genome_index,input,,true,rnaseq_singletask::input::star_genome_index,star_genome_index,rnaseq_singletask,,File,,,,,star_genome_index,RNASeqPipeline.star_genome_index,
io_slot:rnaseq_singletask::output::aligned_bam,IOSlot|io_slot,sister-task-pipeline,aligned_bam,output,,false,rnaseq_singletask::output::aligned_bam,aligned_bam,rnaseq_singletask,,File,,,,,,,
io_slot:rnaseq_singletask::output::count_matrix,IOSlot|io_slot,sister-task-pipeline,count_matrix,output,,false,rnaseq_singletask::output::count_matrix,count_matrix,rnaseq_singletask,,File,,,,,,,
io_slot:rnaseq_singletask::output::expression_matrix,IOSlot|io_slot,sister-task-pipeline,expression_matrix,output,,false,rnaseq_singletask::output::expression_matrix,expression_matrix,rnaseq_singletask,,File,,,,,,,
io_slot:rnaseq_singletask::output::quality_control,IOSlot|io_slot,sister-task-pipeline,quality_control,output,,false,rnaseq_singletask::output::quality_control,quality_control,rnaseq_singletask,,File,,,,,,,
io_slot:rnaseq_unsupervised_cluster::in::counts,io_slot,,Raw RNA-seq count matrix without NA rows,input,,true,rnaseq_unsupervised_cluster::in::counts,count_matrix,rnaseq_unsupervised_cluster,,File,,,,,count_tsv,rnaseq_unsupervised_cluster.count_tsv,
io_slot:rnaseq_unsupervised_cluster::out::assignments,io_slot,,GMM soft and hard cluster assignments,output,,false,rnaseq_unsupervised_cluster::out::assignments,cluster_assignments,rnaseq_unsupervised_cluster,,File,,,,,,,
io_slot:rnaseq_unsupervised_cluster::out::stability,io_slot,,Bootstrap ARI NMI and p-value tables,output,,false,rnaseq_unsupervised_cluster::out::stability,cluster_stability,rnaseq_unsupervised_cluster,,File,,,,,,,
io_slot:rnaseq_unsupervised_cluster::out::figures,io_slot,,Cluster selection and stability figures,output,,false,rnaseq_unsupervised_cluster::out::figures,figures,rnaseq_unsupervised_cluster,,File,,,,,,,
io_slot:rsem::input::rsem_index,IOSlot|io_slot,wdl-slot-reconciliation-2026-08-23,RSEM 索引目录,input,,true,rsem::input::rsem_index,rsem_index,rsem,,File,,,,,rsem_index,RsemQuantificationWorkflow.rsem_index,
io_slot:rsem::input::transcriptome_bam,IOSlot|io_slot,sister-tool-csv,Transcriptome BAM,input,,true,rsem::input::transcriptome_bam,transcriptome_bam,rsem,,File,,,,,transcriptome_bam,RsemQuantificationWorkflow.transcriptome_bam,
io_slot:rsem::output::expression_abundance_matrix,IOSlot|io_slot,sister-tool-csv,TPM / FPKM,output,,false,rsem::output::expression_abundance_matrix,expression_abundance_matrix,rsem,,File,,,,,,,
io_slot:samtools::input::aligned_bam,IOSlot|io_slot,bam-artifact-contract-fix-2026-07-22,Aligned SAM/BAM,input,,true,samtools::input::aligned_bam,aligned_bam,samtools,,File,,,,,alignment,SamtoolsAlignmentWorkflow.alignment,
io_slot:samtools::output::bai,IOSlot|io_slot,slot-model-fix-2026-07-24,bai,output,,false,samtools::output::bai,bai,samtools,bai,File,sample_role,inherit,,,,,
io_slot:samtools::output::sorted_dedup_bam,IOSlot|io_slot,sister-tool-csv,Sorted/Dedup BAM,output,,false,samtools::output::sorted_dedup_bam,sorted_dedup_bam,samtools,,File,,,,,,,
io_slot:scrna_cell_communication::input::sample_metainfo,IOSlot|io_slot,wdl-slot-reconciliation-2026-08-23,METADATA_SAMPLEINFO,input,,false,scrna_cell_communication::input::sample_metainfo,sample_metainfo,scrna_cell_communication,sample_metainfo,File?,,,,,cell_metadata,ScrnaCellCommunication.cell_metadata,
io_slot:scrna_cell_communication::input::scrna_object_rds,IOSlot|io_slot,wdl-slot-reconciliation-2026-08-23,SCRNA_OBJECT_RDS,input,expression_source,false,scrna_cell_communication::input::scrna_object_rds,scrna_object_rds,scrna_cell_communication,scrna_object,File?,,,,,seurat_rds,ScrnaCellCommunication.seurat_rds,
io_slot:scrna_cell_communication::input::tabular_bio_data,IOSlot|io_slot,wdl-slot-reconciliation-2026-08-23,TABULAR_BIO_DATA,input,expression_source,false,scrna_cell_communication::input::tabular_bio_data,tabular_bio_data,scrna_cell_communication,analysis_summary,File?,,,,,combined_counts,ScrnaCellCommunication.combined_counts,
io_slot:scrna_cell_communication::output::quality_control_report,IOSlot|io_slot,senior-0811-tool-csv,QC_STATS_REPORT,output,,false,scrna_cell_communication::output::quality_control_report,quality_control_report,scrna_cell_communication,quality_control_report,File,,,,,,,
io_slot:scrna_cell_communication::output::scrna_object_rds,IOSlot|io_slot,senior-0811-tool-csv,SCRNA_OBJECT_RDS,output,,false,scrna_cell_communication::output::scrna_object_rds,scrna_object_rds,scrna_cell_communication,scrna_object,File,,,,,,,
io_slot:scrna_cell_communication::output::tabular_bio_data,IOSlot|io_slot,senior-0811-tool-csv,TABULAR_BIO_DATA,output,,false,scrna_cell_communication::output::tabular_bio_data,tabular_bio_data,scrna_cell_communication,analysis_summary,File,,,,,,,
io_slot:scrna_cell_communication::output::visualization_result,IOSlot|io_slot,senior-0811-tool-csv,VISUALIZATION_RESULT,output,,false,scrna_cell_communication::output::visualization_result,visualization_result,scrna_cell_communication,analysis_figure,File,,,,,,,
io_slot:snpeff::input::filtered_vcf,IOSlot|io_slot,sister-tool-csv,Filtered (PASS) VCF,input,,true,snpeff::input::filtered_vcf,filtered_vcf,snpeff,,File,,,,,input_vcf,SnpEffAnnotationWorkflow.input_vcf,
io_slot:snpeff::output::annotated_vcf,IOSlot|io_slot,sister-tool-csv,Annotated VCF,output,,false,snpeff::output::annotated_vcf,annotated_vcf,snpeff,,File,,,,,,,
io_slot:stage_heatmap::input::clinical_table,IOSlot|io_slot,senior-0811-tool-csv,CLINICAL_DATA_EXCEL,input,,true,stage_heatmap::input::clinical_table,clinical_table,stage_heatmap,clinical_table,File,,,,,clinical_xls,stage_heatmap.clinical_xls,
io_slot:stage_heatmap::input::sample_metainfo,IOSlot|io_slot,senior-0811-tool-csv,METADATA_SAMPLEINFO,input,,true,stage_heatmap::input::sample_metainfo,sample_metainfo,stage_heatmap,sample_metainfo,File,,,,,meta_xlsx,stage_heatmap.meta_xlsx,
io_slot:stage_heatmap::input::tabular_bio_data,IOSlot|io_slot,senior-0811-tool-csv,TABULAR_BIO_DATA,input,,true,stage_heatmap::input::tabular_bio_data,tabular_bio_data,stage_heatmap,analysis_summary,File,,,,,expr,stage_heatmap.expr,
io_slot:stage_heatmap::output::quality_control_report,IOSlot|io_slot,senior-0811-tool-csv,QC_STATS_REPORT,output,,false,stage_heatmap::output::quality_control_report,quality_control_report,stage_heatmap,quality_control_report,File,,,,,,,
io_slot:stage_heatmap::output::tabular_bio_data,IOSlot|io_slot,senior-0811-tool-csv,TABULAR_BIO_DATA,output,,false,stage_heatmap::output::tabular_bio_data,tabular_bio_data,stage_heatmap,analysis_summary,File,,,,,,,
io_slot:stage_heatmap::output::visualization_result,IOSlot|io_slot,senior-0811-tool-csv,VISUALIZATION_RESULT,output,,false,stage_heatmap::output::visualization_result,visualization_result,stage_heatmap,analysis_figure,File,,,,,,,
io_slot:star::input::clean_fastq_read,IOSlot|io_slot,wdl-slot-reconciliation-2026-08-23,Clean FASTQ,input,,false,star::input::clean_fastq_read,clean_fastq_read,star,clean_fastq_read,File,mate,r1,,clean_fastq_read_r1,,,
io_slot:star::input::clean_fastq_read_r1,IOSlot|io_slot,wdl-slot-reconciliation-2026-08-23,Clean FASTQ R1,input,,true,star::input::clean_fastq_read_r1,clean_fastq_read_r1,star,clean_fastq_read,File,mate,r1,,,read1,StarRnaSeqWorkflow.read1,
io_slot:star::input::clean_fastq_read_r2,IOSlot|io_slot,wdl-slot-reconciliation-2026-08-23,Clean FASTQ R2,input,,false,star::input::clean_fastq_read_r2,clean_fastq_read_r2,star,clean_fastq_read,File?,mate,r2,,,read2,StarRnaSeqWorkflow.read2,
io_slot:star::input::genome_star_index,IOSlot|io_slot,wdl-slot-reconciliation-2026-08-23,基因组 STAR 索引,input,,true,star::input::genome_star_index,genome_star_index,star,genome_annotation,File,,,,,genome_star_index,StarRnaSeqWorkflow.genome_star_index,
io_slot:star::input::rrna_star_index,IOSlot|io_slot,wdl-slot-reconciliation-2026-08-23,rRNA STAR 索引,input,,true,star::input::rrna_star_index,rrna_star_index,star,genome_annotation,File,,,,,rrna_star_index,StarRnaSeqWorkflow.rrna_star_index,
io_slot:star::output::aligned_bam,IOSlot|io_slot,bam-artifact-contract-fix-2026-07-22,Genome-aligned BAM from STAR,output,,false,star::output::aligned_bam,aligned_bam,star,,File,,,,,,,
io_slot:star::output::clean_fastq_read,IOSlot|io_slot,sister-tool-csv,Clean FASTQ,output,,false,star::output::clean_fastq_read,clean_fastq_read,star,,File,,,,,,,
io_slot:star::output::transcriptome_bam,IOSlot|io_slot,sister-tool-csv,Transcriptome BAM,output,,false,star::output::transcriptome_bam,transcriptome_bam,star,,File,,,,,,,
io_slot:survival_analysis::in::clinical,io_slot,,Clinical survival table with patient ID time and status,input,,true,survival_analysis::in::clinical,clinical_survival,survival_analysis,,File,,,,,clinical_file,SurvivalAnalysis.clinical_file,
io_slot:survival_analysis::in::metainfo,io_slot,,Individual Sample Run mapping workbook,input,,true,survival_analysis::in::metainfo,sample_metainfo,survival_analysis,,File,,,,,metainfo_file,SurvivalAnalysis.metainfo_file,
io_slot:survival_analysis::in::maf,io_slot,,MAF with Run accessions,input,,true,survival_analysis::in::maf,somatic_maf,survival_analysis,,File,,,,,maf_file,SurvivalAnalysis.maf_file,
io_slot:survival_analysis::out::figures,io_slot,,Kaplan-Meier figures,output,,false,survival_analysis::out::figures,km_figures,survival_analysis,,File,,,,,,,
io_slot:survival_analysis::out::statistics,io_slot,,Log-rank Cox and merged result tables,output,,false,survival_analysis::out::statistics,survival_statistics,survival_analysis,,File,,,,,,,
io_slot:tcell_intervention::input::scrna_object_rds,IOSlot|io_slot,senior-0811-tool-csv,SCRNA_OBJECT_RDS,input,,true,tcell_intervention::input::scrna_object_rds,scrna_object_rds,tcell_intervention,scrna_object,File,,,,,input_rds,tcell_intervention.input_rds,
io_slot:tcell_intervention::output::quality_control_report,IOSlot|io_slot,senior-0811-tool-csv,QC_STATS_REPORT,output,,false,tcell_intervention::output::quality_control_report,quality_control_report,tcell_intervention,quality_control_report,File,,,,,,,
io_slot:tmb_survival_analysis::in::clinical,io_slot,,Clinical table with Survival_Time and Vital Status,input,,true,tmb_survival_analysis::in::clinical,clinical_survival,tmb_survival_analysis,,File,,,,,clinical_file,TMBSurvivalAnalysis.clinical_file,
io_slot:tmb_survival_analysis::in::metainfo,io_slot,,Individual Sample Run mapping workbook,input,,true,tmb_survival_analysis::in::metainfo,sample_metainfo,tmb_survival_analysis,,File,,,,,metainfo_file,TMBSurvivalAnalysis.metainfo_file,
io_slot:tmb_survival_analysis::in::maf,io_slot,,Somatic MAF with Tumor_Sample_Barcode,input,,true,tmb_survival_analysis::in::maf,somatic_maf,tmb_survival_analysis,,File,,,,,maf_file,TMBSurvivalAnalysis.maf_file,
io_slot:tmb_survival_analysis::out::figures,io_slot,,KM histogram and boxplot figures,output,,false,tmb_survival_analysis::out::figures,figures,tmb_survival_analysis,,File,,,,,,,
io_slot:tmb_survival_analysis::out::tmb,io_slot,,Per-patient TMB table,output,,false,tmb_survival_analysis::out::tmb,patient_tmb,tmb_survival_analysis,,File,,,,,,,
io_slot:tmb_survival_analysis::out::statistics,io_slot,,Log-rank and analysis report,output,,false,tmb_survival_analysis::out::statistics,survival_statistics,tmb_survival_analysis,,File,,,,,,,
io_slot:trim_galore::input::raw_fastq_read,IOSlot|io_slot,wdl-slot-reconciliation-2026-08-23,Raw FASTQ,input,,false,trim_galore::input::raw_fastq_read,raw_fastq_read,trim_galore,raw_fastq_read,File,mate,r1,,raw_fastq_read_r1,,,
io_slot:trim_galore::input::raw_fastq_read_r1,IOSlot|io_slot,wdl-slot-reconciliation-2026-08-23,Raw FASTQ R1,input,,true,trim_galore::input::raw_fastq_read_r1,raw_fastq_read_r1,trim_galore,raw_fastq_read,File,mate,r1,,,read1,TrimGaloreWorkflow.read1,
io_slot:trim_galore::input::raw_fastq_read_r2,IOSlot|io_slot,wdl-slot-reconciliation-2026-08-23,Raw FASTQ R2,input,,false,trim_galore::input::raw_fastq_read_r2,raw_fastq_read_r2,trim_galore,raw_fastq_read,File?,mate,r2,,,read2,TrimGaloreWorkflow.read2,
io_slot:trim_galore::output::clean_fastq_read,IOSlot|io_slot,sister-tool-csv,Clean FASTQ,output,,false,trim_galore::output::clean_fastq_read,clean_fastq_read,trim_galore,,File,,,,,,,
io_slot:trim_galore::output::clean_fastq_read_r1,IOSlot|io_slot,wdl-slot-reconciliation-2026-08-23,Trimmed FASTQ R1,output,,false,trim_galore::output::clean_fastq_read_r1,clean_fastq_read_r1,trim_galore,clean_fastq_read,File,mate,r1,,,,,
io_slot:trim_galore::output::clean_fastq_read_r2,IOSlot|io_slot,wdl-slot-reconciliation-2026-08-23,Trimmed FASTQ R2,output,,false,trim_galore::output::clean_fastq_read_r2,clean_fastq_read_r2,trim_galore,clean_fastq_read,File,mate,r2,,,,,
io_slot:umap::input::clinical_table,IOSlot|io_slot,senior-0811-tool-csv,CLINICAL_DATA_EXCEL,input,,true,umap::input::clinical_table,clinical_table,umap,clinical_table,File,,,,,clinical_xls,umap.clinical_xls,
io_slot:umap::input::sample_metainfo,IOSlot|io_slot,senior-0811-tool-csv,METADATA_SAMPLEINFO,input,,true,umap::input::sample_metainfo,sample_metainfo,umap,sample_metainfo,File,,,,,meta_xlsx,umap.meta_xlsx,
io_slot:umap::input::tabular_bio_data,IOSlot|io_slot,senior-0811-tool-csv,TABULAR_BIO_DATA,input,,true,umap::input::tabular_bio_data,tabular_bio_data,umap,analysis_summary,File,,,,,expr,umap.expr,
io_slot:umap::output::quality_control_report,IOSlot|io_slot,senior-0811-tool-csv,QC_STATS_REPORT,output,,false,umap::output::quality_control_report,quality_control_report,umap,quality_control_report,File,,,,,,,
io_slot:umap::output::tabular_bio_data,IOSlot|io_slot,senior-0811-tool-csv,TABULAR_BIO_DATA,output,,false,umap::output::tabular_bio_data,tabular_bio_data,umap,analysis_summary,File,,,,,,,
io_slot:umap::output::visualization_result,IOSlot|io_slot,senior-0811-tool-csv,VISUALIZATION_RESULT,output,,false,umap::output::visualization_result,visualization_result,umap,analysis_figure,File,,,,,,,
io_slot:wes_somatic_maf_landscape::in::maf,io_slot,,Standard somatic MAF,input,,true,wes_somatic_maf_landscape::in::maf,somatic_maf,wes_somatic_maf_landscape,,File,,,,,maf_file,wes_somatic_maf_landscape.maf_file,
io_slot:wes_somatic_maf_landscape::out::maf,io_slot,,Filtered somatic MAF preserving MAF semantics,output,,false,wes_somatic_maf_landscape::out::maf,filtered_maf,wes_somatic_maf_landscape,,File,,,,,,,
io_slot:wes_somatic_maf_landscape::out::figures,io_slot,,Oncoplot gene frequency and mutation type figures,output,,false,wes_somatic_maf_landscape::out::figures,landscape_figures,wes_somatic_maf_landscape,,File,,,,,,,
io_slot:wes_somatic_maf_landscape::out::statistics,io_slot,,Gene frequency mutation type and sample summaries,output,,false,wes_somatic_maf_landscape::out::statistics,mutation_statistics,wes_somatic_maf_landscape,,File,,,,,,,
io_slot:wes_somatic_pair::input::interval_list,IOSlot|io_slot,workflow-zip-knowledge-card,靶向捕获区间列表（执行端托管）,input,,true,wes_somatic_pair::input::interval_list,interval_list,wes_somatic_pair,interval_list,File,,,,,interval_list,WesSomaticPair.interval_list,
io_slot:wes_somatic_pair::input::normal_r1,IOSlot|io_slot,workflow-zip-knowledge-card,双端 normal Read1 原始 FASTQ,input,,true,wes_somatic_pair::input::normal_r1,normal_r1,wes_somatic_pair,raw_fastq_read,File,sample_role,normal,,,normal_r1,WesSomaticPair.normal_r1,
io_slot:wes_somatic_pair::input::normal_r2,IOSlot|io_slot,workflow-zip-knowledge-card,双端 normal Read2 原始 FASTQ,input,,true,wes_somatic_pair::input::normal_r2,normal_r2,wes_somatic_pair,raw_fastq_read,File,sample_role,normal,,,normal_r2,WesSomaticPair.normal_r2,
io_slot:wes_somatic_pair::input::tumor_r1,IOSlot|io_slot,workflow-zip-knowledge-card,双端 tumor Read1 原始 FASTQ,input,,true,wes_somatic_pair::input::tumor_r1,tumor_r1,wes_somatic_pair,raw_fastq_read,File,sample_role,tumor,,,tumor_r1,WesSomaticPair.tumor_r1,
io_slot:wes_somatic_pair::input::tumor_r2,IOSlot|io_slot,workflow-zip-knowledge-card,双端 tumor Read2 原始 FASTQ,input,,true,wes_somatic_pair::input::tumor_r2,tumor_r2,wes_somatic_pair,raw_fastq_read,File,sample_role,tumor,,,tumor_r2,WesSomaticPair.tumor_r2,
io_slot:wes_somatic_pair::output::annotated_vcf,IOSlot|io_slot,workflow-zip-knowledge-card,annotated_vcf,output,,false,wes_somatic_pair::output::annotated_vcf,annotated_vcf,wes_somatic_pair,annotated_vcf,File,,,,,,WesSomaticPair.annotated_vcf,
io_slot:wes_somatic_pair::output::filtered_vcf,IOSlot|io_slot,workflow-zip-knowledge-card,filtered_vcf,output,,false,wes_somatic_pair::output::filtered_vcf,filtered_vcf,wes_somatic_pair,filtered_vcf,File,,,,,,WesSomaticPair.filtered_vcf,
io_slot:wes_somatic_pair::output::multiqc_html,IOSlot|io_slot,workflow-zip-knowledge-card,multiqc_html,output,,false,wes_somatic_pair::output::multiqc_html,multiqc_html,wes_somatic_pair,quality_control_report,File,,,,,,WesSomaticPair.multiqc_html,
io_slot:wes_somatic_pair::output::normal_bai,IOSlot|io_slot,workflow-zip-knowledge-card,normal_bai,output,,false,wes_somatic_pair::output::normal_bai,normal_bai,wes_somatic_pair,bai,File,,,,,,WesSomaticPair.normal_bai,
io_slot:wes_somatic_pair::output::normal_bam,IOSlot|io_slot,workflow-zip-knowledge-card,normal_bam,output,,false,wes_somatic_pair::output::normal_bam,normal_bam,wes_somatic_pair,sorted_dedup_bam,File,,,,,,WesSomaticPair.normal_bam,
io_slot:wes_somatic_pair::output::normalized_vcf,IOSlot|io_slot,workflow-zip-knowledge-card,normalized_vcf,output,,false,wes_somatic_pair::output::normalized_vcf,normalized_vcf,wes_somatic_pair,filtered_vcf,File,,,,,,WesSomaticPair.normalized_vcf,
io_slot:wes_somatic_pair::output::pass_vcf,IOSlot|io_slot,workflow-zip-knowledge-card,pass_vcf,output,,false,wes_somatic_pair::output::pass_vcf,pass_vcf,wes_somatic_pair,filtered_vcf,File,,,,,,WesSomaticPair.pass_vcf,
io_slot:wes_somatic_pair::output::tumor_bai,IOSlot|io_slot,workflow-zip-knowledge-card,tumor_bai,output,,false,wes_somatic_pair::output::tumor_bai,tumor_bai,wes_somatic_pair,bai,File,,,,,,WesSomaticPair.tumor_bai,
io_slot:wes_somatic_pair::output::tumor_bam,IOSlot|io_slot,workflow-zip-knowledge-card,tumor_bam,output,,false,wes_somatic_pair::output::tumor_bam,tumor_bam,wes_somatic_pair,sorted_dedup_bam,File,,,,,,WesSomaticPair.tumor_bam,
io_slot:wes_somatic_pair::output::unfiltered_vcf,IOSlot|io_slot,workflow-zip-knowledge-card,unfiltered_vcf,output,,false,wes_somatic_pair::output::unfiltered_vcf,unfiltered_vcf,wes_somatic_pair,unfiltered_vcf,File,,,,,,WesSomaticPair.unfiltered_vcf,
io_slot:wgcna::in::clinical,io_slot,,Clinical phenotype table containing grade and gender,input,,true,wgcna::in::clinical,clinical_table,wgcna,,File,,,,,clinical_xls,HRA000074_WGCNA.clinical_xls,
io_slot:wgcna::in::counts,io_slot,,Raw gene count matrix processed with DESeq2 VST,input,,true,wgcna::in::counts,count_matrix,wgcna,,File,,,,,counts_tsv,HRA000074_WGCNA.counts_tsv,
io_slot:wgcna::in::metainfo,io_slot,,Individual Sample Run mapping workbook,input,,true,wgcna::in::metainfo,sample_metainfo,wgcna,,File,,,,,metainfo_xlsx,HRA000074_WGCNA.metainfo_xlsx,
io_slot:wgcna::out::archives,io_slot,,Prepare and analysis result archives,output,,false,wgcna::out::archives,archives,wgcna,,File,,,,,,,
io_slot:wgcna::out::figures,io_slot,,WGCNA preparation and analysis figures,output,,false,wgcna::out::figures,figures,wgcna,,File,,,,,,,
io_slot:wgcna::out::hub_genes,io_slot,,Stable and all hub genes,output,,false,wgcna::out::hub_genes,hub_genes,wgcna,,File,,,,,,,
io_slot:wgcna::out::modules,io_slot,,Module and module-trait results,output,,false,wgcna::out::modules,module_results,wgcna,,File,,,,,,,
io_slot:wgcna::out::qc,io_slot,,QC and trait matrix tables,output,,false,wgcna::out::qc,quality_control,wgcna,,File,,,,,,,
io_slot:wgcna_hub::input::clinical_table,IOSlot|io_slot,senior-0811-tool-csv,CLINICAL_DATA_EXCEL,input,,true,wgcna_hub::input::clinical_table,clinical_table,wgcna_hub,clinical_table,File,,,,,clinical_xls,wgcna_hub.clinical_xls,
io_slot:wgcna_hub::input::sample_metainfo,IOSlot|io_slot,senior-0811-tool-csv,METADATA_SAMPLEINFO,input,,true,wgcna_hub::input::sample_metainfo,sample_metainfo,wgcna_hub,sample_metainfo,File,,,,,meta_xlsx,wgcna_hub.meta_xlsx,
io_slot:wgcna_hub::input::tabular_bio_data,IOSlot|io_slot,senior-0811-tool-csv,TABULAR_BIO_DATA,input,,true,wgcna_hub::input::tabular_bio_data,tabular_bio_data,wgcna_hub,analysis_summary,File,,,,,expr,wgcna_hub.expr,
io_slot:wgcna_hub::output::quality_control_report,IOSlot|io_slot,senior-0811-tool-csv,QC_STATS_REPORT,output,,false,wgcna_hub::output::quality_control_report,quality_control_report,wgcna_hub,quality_control_report,File,,,,,,,
io_slot:wgcna_hub::output::tabular_bio_data,IOSlot|io_slot,senior-0811-tool-csv,TABULAR_BIO_DATA,output,,false,wgcna_hub::output::tabular_bio_data,tabular_bio_data,wgcna_hub,analysis_summary,File,,,,,,,
io_slot:wgcna_module_trait::input::clinical_table,IOSlot|io_slot,senior-0811-tool-csv,CLINICAL_DATA_EXCEL,input,,true,wgcna_module_trait::input::clinical_table,clinical_table,wgcna_module_trait,clinical_table,File,,,,,clinical_xls,wgcna_module_trait.clinical_xls,
io_slot:wgcna_module_trait::input::sample_metainfo,IOSlot|io_slot,senior-0811-tool-csv,METADATA_SAMPLEINFO,input,,true,wgcna_module_trait::input::sample_metainfo,sample_metainfo,wgcna_module_trait,sample_metainfo,File,,,,,meta_xlsx,wgcna_module_trait.meta_xlsx,
io_slot:wgcna_module_trait::input::tabular_bio_data,IOSlot|io_slot,senior-0811-tool-csv,TABULAR_BIO_DATA,input,,true,wgcna_module_trait::input::tabular_bio_data,tabular_bio_data,wgcna_module_trait,analysis_summary,File,,,,,expr,wgcna_module_trait.expr,
io_slot:wgcna_module_trait::output::quality_control_report,IOSlot|io_slot,senior-0811-tool-csv,QC_STATS_REPORT,output,,false,wgcna_module_trait::output::quality_control_report,quality_control_report,wgcna_module_trait,quality_control_report,File,,,,,,,
io_slot:wgcna_module_trait::output::tabular_bio_data,IOSlot|io_slot,senior-0811-tool-csv,TABULAR_BIO_DATA,output,,false,wgcna_module_trait::output::tabular_bio_data,tabular_bio_data,wgcna_module_trait,analysis_summary,File,,,,,,,
